Date/Time,Open,High,Low,Close,Volume,Daily_Return,20d_MA,50d_MA,200d_MA,20d_Volatility
2018-02-28,78.14,80.61,78.09,78.71,8158,,,,,
2018-03-01,78.14,80.32,77.66,77.66,20511,-0.013340109261847255,,,,
2018-03-02,77.14,77.9,76.86,77.33,37274,-0.004249291784702569,,,,
2018-03-05,77.14,80.5,77.14,78.28,27737,0.01228501228501222,,,,
2018-03-06,78.61,83.13,77.43,81.45,41077,0.04049565661727139,,,,
2018-03-07,81.78,84.68,79.32,80.74,30644,-0.008717004297114861,,,,
2018-03-08,83.18,84.1,80.74,82.35,23020,0.019940549913301853,,,,
2018-03-09,82.87,85.69,82.16,82.35,24416,0.0,,,,
2018-03-12,82.87,84.19,81.45,81.78,16145,-0.006921675774134717,,,,
2018-03-13,81.64,83.22,80.46,81.12,18272,-0.00807043286867204,,,,
2018-03-14,83.66,84.43,81.5,81.64,17645,0.0064102564102563875,,,,
2018-03-15,81.69,83.95,81.26,81.45,12195,-0.002327290543851057,,,,
2018-03-16,81.69,86.61,81.59,85.24,54755,0.046531614487415496,,,,
2018-03-19,86.19,88.93,85.24,86.38,32232,0.013374002815579544,,,,
2018-03-20,85.29,89.03,85.0,86.19,21658,-0.002199583236860314,,,,
2018-03-21,86.19,89.95,85.71,86.66,19796,0.005453068801485106,,,,
2018-03-22,87.13,89.52,86.19,87.13,17128,0.005423494114931815,,,,
2018-03-23,87.58,88.21,85.24,85.71,30696,-0.01629748651440377,,,,
2018-03-26,85.24,89.52,85.24,87.75,20407,0.023801190059502986,,,,
2018-03-27,88.56,92.85,88.56,91.21,26569,0.03943019943019932,83.0565,,,
2018-03-28,89.5,94.84,89.5,93.29,34234,0.02280451704856934,83.7855,,,0.2918980020517084
2018-03-29,93.29,96.34,92.39,93.76,22066,0.005038053381927421,84.5905,,,0.28057038746344115
2018-03-30,93.76,100.16,93.29,97.55,41834,0.04042235494880542,85.6015,,,0.29570349594338047
2018-04-02,98.5,99.19,95.19,98.9,31024,0.013839056893900636,86.6325,,,0.2957856898255643
2018-04-03,95.94,98.71,95.37,95.9,23472,-0.030333670374115274,87.35499999999999,,,0.31147154664473803
2018-04-04,96.13,97.74,93.15,95.37,59677,-0.005526590198123071,88.0865,,,0.3093474633334804
2018-04-05,95.19,98.71,94.81,94.95,11045,-0.004403900597672261,88.7165,,,0.30951717955091806
2018-04-06,94.24,96.77,91.87,91.87,65589,-0.032438125329120604,89.19250000000001,,,0.3396463355312527
2018-04-09,90.92,93.39,87.37,87.61,75851,-0.046369870469141206,89.48400000000001,,,0.384935368566064
2018-04-10,87.18,93.39,85.71,91.4,39200,0.043259901837689796,89.998,,,0.4065819712713318
2018-04-11,91.4,94.84,88.56,88.56,26487,-0.031072210065645534,90.344,,,0.42766347755579553
2018-04-12,88.32,91.21,87.13,88.22,16673,-0.0038392050587172655,90.6825,,,0.42801340317786785
2018-04-13,89.5,92.08,87.99,88.08,20937,-0.001586941736567704,90.8245,,,0.39814811261024313
2018-04-16,88.08,89.5,87.42,87.47,17636,-0.006925522252497762,90.87899999999999,,,0.39693392303662217
2018-04-17,87.18,90.34,85.48,85.95,24510,-0.017377386532525407,90.86699999999999,,,0.4021401637400062
2018-04-18,86.19,88.79,81.93,84.68,58482,-0.0147760325770796,90.768,,,0.40501267661486356
2018-04-19,83.22,83.71,77.19,78.14,77863,-0.07723193197921596,90.3185,,,0.4861794072826624
2018-04-20,78.14,83.22,78.14,81.64,25990,0.0447914000511902,90.115,,,0.5148308984828966
2018-04-23,83.11,84.29,81.45,82.4,34831,0.009309162175404229,89.84750000000001,,,0.5077475048393459
2018-04-24,80.98,83.47,79.56,82.4,21745,0.0,89.40700000000001,,,0.48309903499975526
2018-04-26,80.98,82.84,79.08,80.81,33590,-0.01929611650485441,88.78299999999999,,,0.47443625810243295
2018-04-27,78.37,84.19,77.66,80.98,27431,0.0021037000371242343,88.14399999999999,,,0.47358481644560974
2018-05-02,81.93,84.68,80.03,80.98,26401,0.0,87.3155,,,0.4406339265734774
2018-05-03,80.5,82.74,78.99,82.26,21786,0.015806371943689834,86.4835,,,0.4420331968791809
2018-05-04,80.5,83.22,80.5,80.98,22749,-0.015560418186238767,85.7375,,,0.43554890390007467
2018-05-07,82.4,88.5,81.93,86.61,48024,0.069523339096073,85.29950000000001,,,0.5154698390681133
2018-05-08,86.71,90.97,86.71,86.71,37050,0.0011546010853249467,84.8875,,,0.515833068305208
2018-05-09,86.71,89.03,85.48,86.42,19148,-0.0033444816053510573,84.615,,,0.5047990946600968
2018-05-10,86.38,88.98,83.82,83.82,37142,-0.030085628326776304,84.4255,,,0.48912595529667907
2018-05-11,83.58,88.06,82.54,86.66,492930,0.033882128370317455,84.1885,85.71,,0.4787001992312099
2018-05-14,87.7,90.49,86.52,88.18,228360,0.01753981075467359,84.1695,85.8994,,0.4708848153303306
2018-05-15,89.86,90.39,87.28,87.7,230960,-0.0054434112043547644,84.1435,86.1002,,0.4711019029305703
2018-05-16,86.8,89.37,85.71,86.28,323540,-0.01619156214367168,84.05350000000001,86.2792,,0.4746444993455441
2018-05-17,86.76,88.64,85.1,85.81,131160,-0.005447380621233178,83.9705,86.42980000000001,,0.47441242410357787
2018-05-18,86.05,87.92,83.34,85.81,319040,0.0,83.9635,86.517,,0.4702202537576934
2018-05-21,86.95,88.84,85.33,85.33,146940,-0.00559375364176673,83.99600000000001,86.60879999999999,,0.4674274414941746
2018-05-22,85.33,86.85,82.49,83.86,391620,-0.01722723543888427,84.28200000000001,86.63900000000001,,0.3737091271574692
2018-05-23,83.86,85.74,82.54,84.86,170120,0.011924636298592972,84.443,86.6892,,0.34282381644320464
2018-05-24,86.71,86.76,83.44,84.86,102670,0.0,84.566,86.7508,,0.34183751642789467
2018-05-25,86.22,86.22,82.49,82.49,137470,-0.02792835258072124,84.57050000000001,86.77820000000001,,0.35767409624694174
2018-05-28,83.32,83.32,76.75,78.42,697030,-0.04933931385622492,84.451,86.7138,,0.3935898317543499
2018-05-29,76.75,80.85,72.53,78.22,634890,-0.002550369803621555,84.313,86.64920000000001,,0.393416593444577
2018-05-30,78.22,79.93,76.33,76.8,138810,-0.01815392482740985,84.10400000000001,86.48039999999999,,0.3977860509577653
2018-05-31,76.8,80.89,75.62,80.89,302580,0.053255208333333304,84.0355,86.37060000000001,,0.4403885579391333
2018-06-01,78.22,83.32,78.22,80.93,259980,0.0004944987019410707,84.033,86.26539999999999,,0.43676899088012144
2018-06-04,81.07,83.8,80.64,82.02,218140,0.013468429506981128,83.8035,86.1726,,0.35701940609302574
2018-06-05,82.49,85.74,82.02,84.86,279280,0.03462570104852469,83.711,86.12719999999999,,0.3805328335270294
2018-06-06,85.33,89.52,83.91,87.66,408910,0.032995522036294966,83.773,86.16619999999999,,0.3987448975714937
2018-06-07,87.7,89.66,85.57,86.76,333220,-0.010266940451745254,83.92,86.1464,,0.38418534022745104
2018-06-08,86.28,89.13,85.81,87.09,210880,0.003803596127247566,83.94149999999999,86.064,,0.3654609262534861
2018-06-11,86.42,89.13,85.33,86.28,312980,-0.009300723389596977,83.8465,85.92379999999999,,0.361255664879085
2018-06-12,87.29,87.29,82.49,84.39,512380,-0.02190542420027819,83.681,85.73639999999999,,0.36868521070894644
2018-06-13,81.59,85.69,80.83,82.73,898670,-0.019670577082592677,83.5035,85.44000000000001,,0.3707043391271812
2018-06-14,85.33,89.37,84.62,84.62,667820,0.02284540070107588,83.444,85.15440000000001,,0.38052731610461327
2018-06-15,84.62,88.13,83.77,86.46,253200,0.02174426849444555,83.4765,84.96560000000001,,0.3885927226053314
2018-06-18,84.62,86.53,80.35,82.1,460340,-0.050427943557714516,83.315,84.70020000000001,,0.4286844415637728
2018-06-19,77.51,79.27,74.73,75.37,842680,-0.08197320341047487,82.8905,84.30859999999998,,0.5132860651162324
2018-06-20,77.51,78.83,74.66,76.09,415250,0.009552872495687925,82.45200000000001,83.993,,0.5123281328142874
2018-06-21,76.09,77.38,72.39,73.24,317950,-0.037455644631357754,81.87100000000001,83.70559999999999,,0.5246448332465126
2018-06-22,71.82,76.29,69.69,76.29,650220,0.04164391043145832,81.561,83.4034,,0.545220083981914
2018-06-25,75.37,78.03,73.6,73.6,322980,-0.03526019137501657,81.32000000000001,83.1042,,0.5315823878740055
2018-06-26,72.25,74.11,70.26,72.67,458090,-0.01263586956521734,81.0425,82.7932,,0.5327673337489869
2018-06-27,71.89,74.47,68.98,68.98,512250,-0.05077748727122611,80.6515,82.4112,,0.5570024324047905
2018-06-28,68.98,70.84,64.21,64.21,931230,-0.06915047839953625,79.81750000000001,81.946,,0.5573674148930728
2018-06-29,63.29,66.12,60.94,61.86,581690,-0.03659866064475925,78.864,81.4642,,0.56285029356961
2018-07-02,60.09,62.12,57.6,58.85,580300,-0.048658260588425484,77.7055,80.94760000000001,,0.5676674807153685
2018-07-03,56.89,59.51,54.04,55.22,775020,-0.06168224299065428,76.2235,80.4892,,0.556938697112228
2018-07-04,55.22,59.07,53.33,57.81,493440,0.04690329590727993,74.73100000000001,80.0126,,0.5765519753962988
2018-07-05,59.59,61.54,55.46,59.07,523390,0.02179553710430726,73.3465,79.546,,0.594652791503589
2018-07-06,58.12,62.85,56.32,61.51,447290,0.04130692398848823,72.06750000000001,79.12819999999999,,0.6272026218148882
2018-07-09,62.48,63.21,58.66,58.66,398130,-0.04633392944236714,70.6865,78.68520000000001,,0.6352997532720825
2018-07-10,58.66,62.48,58.31,62.12,319020,0.05898397545175582,69.57300000000001,78.308,,0.6916587070755931
2018-07-11,58.88,60.89,57.46,59.94,423790,-0.03509336767546678,68.43350000000001,77.8872,,0.6954057038800339
2018-07-12,58.31,61.03,57.6,58.45,113900,-0.02485819152485813,67.125,77.411,,0.6813897944721823
2018-07-13,59.02,61.39,59.02,60.44,217450,0.03404619332763037,65.824,77.00019999999999,,0.6920899863894414
2018-07-16,61.15,65.75,61.15,64.21,567790,0.06237590999338183,64.92949999999999,76.5522,,0.7340276789797232
2018-07-17,64.0,68.66,63.36,66.77,647900,0.039869179255567655,64.4995,76.1534,,0.705045034509384
2018-07-18,66.77,70.48,65.78,69.75,756910,0.04463082222555048,64.18249999999999,75.82,,0.7254156714282338
2018-07-19,70.33,70.33,66.84,66.84,637620,-0.041720430107526796,63.8625,75.4804,,0.7282277803399034
2018-07-20,67.35,69.1,65.42,67.62,820410,0.011669658886894085,63.428999999999995,75.0996,,0.711121501630069
2018-07-23,69.75,71.2,67.55,68.26,418450,0.00946465542738828,63.162,74.70120000000001,,0.7036106303247762
2018-07-24,69.02,69.39,65.78,66.2,353420,-0.03017872839144453,62.838499999999996,74.2712,,0.7095857397718779
2018-07-25,66.27,69.02,66.27,66.84,373040,0.009667673716012182,62.7315,73.8824,,0.6885234216530834
2018-07-26,66.84,67.42,63.64,64.0,548680,-0.04248952722920407,62.72099999999999,73.4462,,0.6592387962198543
2018-07-27,66.12,67.86,64.35,66.49,368690,0.03890624999999992,62.9525,73.0598,,0.6571256376157607
2018-07-30,67.91,70.11,66.91,68.9,438710,0.036246052037900656,63.455000000000005,72.7312,,0.6348845109148589
2018-07-31,68.9,70.33,67.77,68.62,412600,-0.004063860667634311,64.125,72.4264,,0.5808388872933224
2018-08-01,69.75,69.75,66.56,66.84,442990,-0.025939959195569795,64.5765,72.066,,0.5795961333486391
2018-08-02,66.56,69.39,66.49,69.39,285850,0.03815080789946146,65.0925,71.75659999999999,,0.587643127189686
2018-08-03,70.48,70.48,67.7,67.91,243290,-0.02132872171782685,65.4125,71.465,,0.5836386486746619
2018-08-06,69.39,69.39,66.34,67.93,199980,0.00029450743631298515,65.876,71.2552,,0.551174005634049
2018-08-07,66.13,67.93,65.42,65.49,203370,-0.035919328720742105,66.0445,71.00059999999999,,0.5373597380290833
2018-08-08,66.86,68.17,66.14,67.95,144480,0.037562986715529156,66.445,70.8236,,0.5305593735644806
2018-08-09,66.86,70.67,66.79,69.02,621900,0.015746872700515002,66.97349999999999,70.5862,,0.5178299487317154
2018-08-10,70.37,71.69,68.66,70.52,440650,0.021732831063459912,67.4775,70.378,,0.5116916272549648
2018-08-13,70.52,71.62,68.08,71.62,495460,0.015598411798071643,67.848,70.17,,0.47139952088610293
2018-08-14,72.06,74.71,70.17,73.33,1080220,0.02387601228707048,68.176,69.93939999999999,,0.45937692380327205
2018-08-15,73.33,75.81,70.81,71.17,598050,-0.02945588435837987,68.247,69.6096,,0.4499883986633703
2018-08-16,70.09,74.19,69.74,74.19,486970,0.04243360966699439,68.61449999999999,69.3582,,0.4421357232572694
2018-08-17,72.97,75.22,71.17,71.17,372440,-0.04070629464887443,68.792,69.0398,,0.4707591929841994
2018-08-20,71.17,74.34,70.96,71.82,396840,0.00913306168329342,68.97,68.75059999999999,,0.4707000783023675
2018-08-21,72.54,76.76,71.6,75.49,768210,0.051099972152603756,69.4345,68.57260000000001,,0.4830547777189839
2018-08-22,75.49,77.28,73.91,74.7,485360,-0.010464962246655052,69.8275,68.41199999999999,,0.48686640559978184
2018-08-23,74.05,76.32,73.47,76.25,455700,0.020749665327978617,70.44,68.2446,,0.45393040859388356
2018-08-24,74.05,76.91,73.83,74.7,360740,-0.020327868852458963,70.8505,68.0094,,0.45117460802455056
2018-08-27,76.98,77.28,73.83,74.05,500450,-0.008701472556894352,71.10799999999999,67.8484,,0.4395626163004994
2018-08-28,76.32,76.39,73.91,74.05,381080,0.0,71.37950000000001,67.822,,0.43881312497114994
2018-08-29,74.05,76.54,73.98,76.47,526510,0.032680621201890636,71.86099999999999,67.8296,,0.434769120147933
2018-08-30,74.84,78.08,74.12,76.21,555710,-0.003400026154047442,72.202,67.889,,0.4201932391008978
2018-08-31,77.79,77.86,74.12,74.12,725630,-0.027424222542973276,72.5125,67.84559999999999,,0.42578459098465854
2018-09-04,73.69,75.66,72.04,73.46,879050,-0.008904479222881956,72.789,67.8428,,0.42829891226612204
2018-09-05,71.75,73.31,69.74,70.09,708970,-0.04587530628913683,73.01899999999999,67.7912,,0.4419293055414097
2018-09-06,70.09,72.58,69.02,69.02,550090,-0.015266086460265504,73.0725,67.792,,0.42791070371922213
2018-09-07,70.74,72.28,69.23,70.6,336710,0.02289191538684432,73.1515,67.9198,,0.4318818090611617
2018-09-10,70.6,72.72,70.24,70.6,225430,0.0,73.15549999999999,68.0946,,0.4252052296030472
2018-09-11,70.45,73.16,69.74,71.68,369850,0.015297450424929249,73.1585,68.3512,,0.42506384030407507
2018-09-12,71.89,74.93,71.89,73.82,495280,0.029854910714285587,73.183,68.72319999999999,,0.42994862981442167
2018-09-13,72.25,74.71,72.25,72.97,428650,-0.01151449471687882,73.273,69.02640000000001,,0.4178146663806446
2018-09-14,72.97,73.55,72.61,73.26,318500,0.003974235987392216,73.2265,69.3102,,0.3892628237604876
2018-09-17,72.61,74.85,71.46,71.82,665280,-0.01965601965601982,73.259,69.5164,,0.36684013696398315
2018-09-18,70.74,73.09,70.74,71.17,642400,-0.009050403787245753,73.2265,69.7666,,0.36697910960293506
2018-09-19,72.61,74.19,70.96,71.46,367070,0.004074750597161669,73.025,69.9534,,0.3139152426893483
2018-09-20,71.89,73.46,71.03,71.46,411870,0.0,72.863,70.1838,,0.3126121603784566
2018-09-21,71.46,74.63,71.46,74.63,684370,0.044360481388189266,72.78200000000001,70.5074,,0.3449891003393924
2018-09-24,73.98,75.88,73.33,73.62,448020,-0.013533431595872836,72.728,70.771,,0.34071762668842553
2018-09-25,73.33,76.39,72.68,74.41,663540,0.01073077967943492,72.74600000000001,70.975,,0.34150223213893754
2018-09-26,74.12,76.17,73.69,73.69,400590,-0.009676118801236422,72.728,71.1134,,0.3433978294156617
2018-09-27,73.69,75.88,73.26,75.51,277900,0.024698059438187148,72.68,71.2286,,0.3343655075413439
2018-09-28,73.91,78.01,73.91,77.5,1264710,0.02635412528141967,72.7445,71.4418,,0.34728067022370596
2018-10-01,75.85,78.82,74.77,75.56,603020,-0.025032258064516144,72.81649999999999,71.6006,,0.34477267691568936
2018-10-02,75.49,77.86,75.2,75.2,477400,-0.004764425622022173,72.9035,71.73939999999999,,0.3434763144850161
2018-10-03,77.42,79.26,75.27,77.5,837480,0.030585106382978733,73.274,71.9654,,0.3094624504561841
2018-10-04,77.64,80.58,77.57,77.64,554870,0.0018064516129032704,73.705,72.1814,,0.3002725456744957
2018-10-05,77.64,79.92,76.57,76.71,560060,-0.01197836166924271,74.01050000000001,72.4356,,0.29987416471179723
2018-10-08,76.21,78.97,75.92,78.38,356800,0.021770303741363684,74.3995,72.6734,,0.30561040342364226
2018-10-09,77.21,80.07,76.92,78.07,529550,-0.003955090584332743,74.719,72.85679999999999,,0.30499362398650254
2018-10-10,78.36,80.58,78.15,78.87,468510,0.010247214038683339,74.97149999999999,73.0618,,0.29095187208663886
2018-10-11,75.85,77.86,73.47,73.47,1921600,-0.06846709775580073,74.9965,73.1944,,0.3849196610084268
2018-10-12,71.68,77.72,71.68,77.72,877550,0.05784674016605407,75.2195,73.361,,0.43533720139428334
2018-10-15,76.06,77.64,73.33,73.69,729640,-0.051852804940813235,75.313,73.4766,,0.4713823588113859
2018-10-16,73.69,76.32,73.4,74.48,397230,0.010720586239652663,75.4785,73.60759999999999,,0.47062108039541045
2018-10-17,76.06,77.5,74.77,74.77,406450,0.003893662728249092,75.644,73.7932,,0.47061448676057793
2018-10-18,74.48,76.91,74.05,74.77,284180,0.0,75.8095,73.9296,,0.47061448676057793
2018-10-19,73.33,75.29,72.97,74.91,490740,0.0018724087200749917,75.8235,74.0474,,0.4441357623240248
2018-10-22,75.41,77.57,72.97,72.97,468070,-0.025897743959417907,75.79100000000001,74.09639999999999,,0.4514490607243012
2018-10-23,72.4,74.49,70.31,71.17,720520,-0.024667671645881795,75.62899999999999,74.0874,,0.45767566728589865
2018-10-24,71.68,73.82,69.02,69.02,495030,-0.03020935787550938,75.3955,74.0012,,0.4680338810901426
2018-10-25,65.42,69.02,65.06,68.23,732890,-0.011445957693422049,75.0315,73.94239999999999,,0.45727737187739614
2018-10-26,69.66,70.89,66.57,66.57,483170,-0.024329473838487603,74.48499999999999,73.79,,0.44696156383876834
2018-10-29,66.14,67.58,64.77,64.77,347860,-0.02703920684993233,73.9455,73.66199999999999,,0.4480793502620892
2018-10-30,64.77,67.95,64.77,67.29,465990,0.03890690134321462,73.55,73.5714,,0.47721599525854347
2018-10-31,68.3,69.93,67.22,69.74,395130,0.03640957051567817,73.162,73.45639999999999,,0.4834019574357154
2018-11-01,69.45,71.55,68.3,68.3,405070,-0.020648121594493807,72.69500000000001,73.3284,,0.48588520911043326
2018-11-02,69.02,72.5,68.66,70.81,490040,0.0367496339677893,72.4,73.2196,,0.5081324492715569
2018-11-05,70.09,72.06,69.09,70.81,279570,0.0,72.02149999999999,73.14179999999999,,0.49957412274808627
2018-11-06,71.75,72.65,69.59,69.74,249410,-0.015110860048015873,71.60499999999999,73.0556,,0.5009526246105518
2018-11-07,70.09,71.62,68.66,70.67,306160,0.013335245196444134,71.19500000000001,72.988,,0.5023295950405248
2018-11-08,70.45,71.84,69.38,69.52,174860,-0.016272817319937793,70.9975,72.84899999999999,,0.44585232033663125
2018-11-09,70.52,71.03,67.58,67.58,388720,-0.027905638665132293,70.4905,72.6764,,0.3929691267396779
2018-11-12,67.0,68.3,66.72,68.3,151340,0.010654039656703196,70.221,72.56,,0.3588109881207483
2018-11-13,67.22,68.98,66.93,67.22,218020,-0.015812591508052698,69.85799999999999,72.43520000000001,,0.3571727168833756
2018-11-14,67.22,69.05,66.28,67.22,216870,0.0,69.48049999999999,72.3778,,0.35617076428955824
2018-11-15,66.93,69.05,66.07,66.14,210550,-0.016066646831300213,69.049,72.3202,,0.3576997557501122
2018-11-16,66.86,69.2,66.43,66.86,215030,0.010885999395222168,68.64649999999999,72.2454,,0.3616972840815948
2018-11-19,68.9,69.71,67.22,69.71,298320,0.042626383487885056,68.4835,72.2276,,0.3908613141768502
2018-11-20,68.23,70.3,67.87,68.73,296690,-0.014058241285324735,68.3615,72.1686,,0.3844614992217155
2018-11-21,68.23,70.22,67.65,68.66,360260,-0.0010184781027209322,68.3435,72.0654,,0.36917595553157634
2018-11-22,68.87,71.03,68.8,70.81,316850,0.0313137197786193,68.4725,72.0222,,0.3825622833289893
2018-11-23,69.38,70.96,68.37,68.37,186930,-0.034458409829120185,68.5625,71.9244,,0.39339049685246835
2018-11-26,68.23,69.93,68.01,69.02,161780,0.009507093754570484,68.775,71.86840000000001,,0.37920616684937825
2018-11-27,69.38,70.96,67.79,69.42,400960,0.005795421616922702,68.88149999999999,71.8334,,0.35562690061049645
2018-11-28,67.58,69.71,67.58,68.66,243550,-0.010947853644482919,68.8275,71.7774,,0.33353707200917965
2018-11-29,70.15,70.3,65.42,65.64,645610,-0.043984852898339644,68.69449999999999,71.661,,0.36129917326133393
2018-11-30,65.64,67.8,65.64,67.65,279650,0.03062157221206596,68.5365,71.5214,,0.35320509152044915
2018-12-03,67.87,69.71,67.36,69.71,230370,0.030450849963044924,68.48150000000001,71.44319999999999,,0.37160323225851877
2018-12-04,68.3,70.0,67.94,69.78,276230,0.0010041600918089255,68.4835,71.3506,,0.3675933947141989
2018-12-05,67.94,70.3,67.43,70.08,287080,0.004299226139294898,68.454,71.2784,,0.3647263001535682
2018-12-06,68.59,70.67,67.94,69.02,256150,-0.015125570776255759,68.429,71.1486,,0.3640765896935006
2018-12-07,68.66,72.35,68.66,70.45,533170,0.020718632280498417,68.5725,71.0076,,0.3556571694732687
2018-12-10,71.25,71.69,69.59,71.11,206070,0.009368346344925449,68.71300000000001,70.9186,75.8322,0.35528668382724393
2018-12-11,69.59,71.25,69.38,69.74,211990,-0.01926592603009425,68.839,70.8094,75.78735,0.35781845005528623
2018-12-12,69.74,71.99,69.74,70.45,216070,0.01018067106395204,69.0005,70.6684,75.75129999999999,0.3588556594540072
2018-12-13,70.81,72.8,70.74,71.1,305910,0.009226401703335663,69.2485,70.5376,75.72014999999999,0.35258929440042397
2018-12-14,72.8,73.31,70.38,70.53,316090,-0.00801687763713066,69.432,70.414,75.6814,0.35397301972296685
2018-12-17,70.17,71.55,69.3,71.53,426310,0.014178363816815587,69.523,70.277,75.6318,0.32484534133535875
2018-12-18,70.52,71.55,67.94,70.37,562170,-0.01621697189990212,69.60499999999999,70.123,75.57995,0.32630280600982936
2018-12-19,70.15,70.37,67.72,67.72,216260,-0.037658092937331356,69.55799999999999,69.9,75.5068,0.35457169009137113
2018-12-20,69.2,70.15,67.51,67.65,244990,-0.0010336680448905788,69.4,69.78359999999999,75.4333,0.3341401224640348
2018-12-21,67.22,68.44,67.22,68.3,219630,0.009608277900960749,69.3965,69.59519999999999,75.3659,0.3134566210740927
2018-12-24,68.3,70.52,68.3,68.44,114300,0.002049780380673605,69.3675,69.4902,75.3025,0.31161179104257014
2018-12-25,67.15,69.27,66.86,67.36,307360,-0.015780245470485066,69.2645,69.3478,75.2311,0.3154593498568911
2018-12-26,67.36,67.94,67.15,67.22,173060,-0.0020783847980997416,69.1925,69.1968,75.15995,0.31343217470372614
2018-12-27,68.66,70.0,67.94,68.15,146070,0.013835168104730844,69.31800000000001,69.06439999999999,75.0745,0.2724704498635694
2018-12-28,68.66,69.78,67.86,69.04,206530,0.013059427732942108,69.3875,68.947,74.9878,0.2545609007899926
2019-01-02,67.57,69.49,66.7,66.7,142060,-0.03389339513325618,69.237,68.8216,74.89035,0.2587269362836573
2019-01-03,66.7,68.52,64.38,64.53,398110,-0.03253373313343333,68.9745,68.6888,74.7797,0.27994792685474196
2019-01-04,63.44,66.08,62.64,65.25,242880,0.01115760111576014,68.733,68.6134,74.67030000000001,0.28359936790458884
2019-01-07,66.34,67.93,65.69,66.27,214970,0.015632183908045993,68.5955,68.5742,74.5731,0.287734090212343
2019-01-08,65.98,67.19,65.25,65.98,132390,-0.004376037422664791,68.372,68.5624,74.46425,0.2751127550582021
2019-01-09,66.48,67.93,65.61,67.78,166090,0.02728099424067887,68.2055,68.6226,74.3471,0.2926902004681012
2019-01-10,66.48,68.6,66.05,66.92,153450,-0.012688108586603741,68.06450000000001,68.6152,74.21525,0.28851446431901095
2019-01-11,67.06,68.6,66.63,68.52,237830,0.023909145248057317,67.968,68.5908,74.08905,0.3000265188310326
2019-01-14,68.45,68.45,66.34,66.63,151770,-0.027583187390542885,67.74449999999999,68.5574,73.93445000000001,0.3112734226224496
2019-01-15,66.05,68.15,66.05,66.63,94060,0.0,67.5495,68.4738,73.7731,0.310879837678009
2019-01-16,66.99,68.37,66.27,66.48,92390,-0.002251238180999371,67.297,68.3872,73.62599999999999,0.30448395448941823
2019-01-17,66.12,67.71,65.25,65.25,278850,-0.018501805054151665,67.04100000000001,68.2974,73.4754,0.3058567330172846
2019-01-18,65.61,66.6,64.67,64.67,126480,-0.008888888888888835,66.8885,68.1774,73.324,0.2792488452414153
2019-01-21,65.25,68.0,65.25,67.93,162760,0.05040977269212932,66.9025,68.1456,73.2043,0.33593667650551806
2019-01-22,66.48,68.0,65.69,65.69,160140,-0.03297512144855008,66.772,68.1078,73.0947,0.35400686754545196
2019-01-23,65.47,67.41,65.47,65.61,76830,-0.0012178413761607665,66.6305,68.054,72.96575,0.3537363949762739
2019-01-24,65.61,67.56,65.61,65.76,70270,0.0022862368541380906,66.5505,68.0248,72.85175,0.35011105003996806
2019-01-25,65.76,68.45,65.76,66.7,205020,0.014294403892944008,66.5245,68.01440000000001,72.74415,0.3542236556434146
2019-01-28,67.43,69.93,67.06,68.3,337020,0.02398800599700146,66.532,68.05760000000001,72.64524999999999,0.3613035493555636
2019-01-29,68.59,69.63,67.79,68.15,92370,-0.002196193265007196,66.4875,68.0834,72.54865,0.35823414614243687
2019-01-30,68.15,68.3,67.86,68.01,133150,-0.002054292002934721,66.553,68.0494,72.45895,0.33589171549971086
2019-01-31,68.15,69.24,68.15,68.88,326950,0.012792236435818172,66.7705,68.05239999999999,72.37995,0.3133187553341078
2019-02-01,69.24,70.08,68.15,68.59,223210,-0.00421022067363519,66.9375,68.051,72.3322,0.3130538792152734
2019-02-11,69.53,72.23,69.31,70.69,344550,0.03061670797492333,67.1585,68.04860000000001,72.27745,0.325544433965641
2019-02-12,70.69,71.93,69.6,70.18,306350,-0.007214598953175666,67.3685,68.0848,72.21634999999999,0.3266015924455629
2019-02-13,70.18,72.6,69.67,70.76,379710,0.008264462809917328,67.5175,68.1196,72.15814999999999,0.314838111738898
2019-02-14,72.38,72.75,70.4,70.47,398610,-0.004098360655737765,67.695,68.14059999999999,72.10645000000001,0.31085161374155373
2019-02-15,70.54,72.08,70.11,70.11,280730,-0.005108556832694733,67.7745,68.1696,72.0521,0.301605023122343
2019-02-18,70.54,71.86,69.6,70.54,268310,0.006133219226929221,67.97,68.2676,71.9999,0.2818531274545618
2019-02-19,70.54,73.71,70.54,70.98,698600,0.006237595690388398,68.1875,68.3342,71.9435,0.2818412282515552
2019-02-20,71.2,73.41,70.98,71.7,338710,0.010143702451394843,68.4485,68.374,71.8971,0.2820284512320107
2019-02-21,71.99,73.34,71.2,71.78,290870,0.0011157601115758808,68.775,68.414,71.82295,0.2696542739962051
2019-02-22,71.12,73.86,71.12,73.41,333910,0.022708275285594715,69.21200000000002,68.4806,71.75645,0.27151878860653733
2019-02-25,73.71,75.19,72.14,72.5,397930,-0.01239613131725914,69.4405,68.55019999999999,71.68684999999999,0.22419417682407533
2019-02-26,72.86,74.45,70.83,71.2,339880,-0.017931034482758568,69.716,68.5652,71.62375,0.19651076816554483
2019-02-27,71.27,73.26,70.91,71.49,260850,0.004073033707865159,70.01,68.5728,71.5479,0.1955039045422358
2019-02-28,71.41,71.41,69.89,69.89,474790,-0.022380752552804473,70.21650000000001,68.5758,71.45644999999999,0.21737820047448417
2019-03-01,69.89,72.89,69.89,71.41,235110,0.02174846186865076,70.452,68.595,71.375,0.2239623765650279
2019-03-04,71.63,74.97,71.63,73.15,629820,0.02436633524716436,70.6945,68.63600000000001,71.30935000000001,0.22442469698199502
2019-03-05,73.08,74.97,72.14,72.57,322490,-0.00792891319207123,70.9155,68.6768,71.24315,0.22726939032216562
2019-03-06,72.07,73.15,72.07,72.43,198530,-0.0019291718340910258,71.1365,68.6948,71.17625,0.22723113481800725
2019-03-07,72.43,74.45,72.14,72.36,224060,-0.0009664503658706192,71.3105,68.7346,71.11139999999999,0.22480351528042883
2019-03-08,71.78,73.71,71.49,71.63,293560,-0.010088446655610928,71.4625,68.8128,71.05025,0.22809646636367087
2019-03-11,71.78,73.71,71.49,72.14,177090,0.0071199218204662795,71.535,68.9026,70.98665,0.2032617337459965
2019-03-12,74.45,74.97,72.21,74.0,314170,0.025783199334627138,71.72600000000001,69.0166,70.93235,0.21854704626997523
2019-03-13,72.43,75.56,72.43,73.95,576240,-0.0006756756756756133,71.88550000000001,69.1268,70.88965,0.2178544098195191
2019-03-14,74.31,77.04,74.1,75.55,414880,0.021636240703177823,72.13950000000001,69.2906,70.8753,0.22680358030412245
2019-03-15,75.55,77.63,74.75,75.4,318000,-0.0019854401058900795,72.404,69.4542,70.8612,0.22548328096564474
2019-03-18,75.4,77.19,74.75,75.4,206710,0.0,72.647,69.5992,70.85419999999999,0.22567052770521615
2019-03-19,76.13,77.78,73.95,74.17,274850,-0.01631299734748015,72.8065,69.7018,70.8206,0.2359167375292614
2019-03-20,75.78,76.3,73.23,73.59,250190,-0.007819873264122923,72.901,69.8396,70.78389999999999,0.23661656611903487
2019-03-21,73.59,75.93,72.86,72.86,281010,-0.009919826063323867,72.955,70.00619999999999,70.7381,0.24001475352587393
2019-03-22,74.45,75.93,71.92,74.1,470560,0.01701894043370844,72.9895,70.1832,70.68430000000001,0.23391643448595878
2019-03-25,72.5,74.82,71.78,72.28,263520,-0.024561403508771895,72.9785,70.3034,70.6074,0.2465075530720135
2019-03-26,72.28,73.15,71.85,72.28,152410,0.0,73.0325,70.4294,70.535,0.2372894542905668
2019-03-27,72.36,74.45,72.14,72.43,128380,0.0020752628666298456,73.07950000000001,70.5224,70.46170000000001,0.2370363737261142
2019-03-28,71.85,73.93,71.85,72.21,94860,-0.003037415435593216,73.1955,70.6282,70.39134999999999,0.22142166290957813
2019-03-29,72.21,74.23,71.7,72.14,172610,-0.0009693948206618286,73.232,70.70060000000001,70.3301,0.20848153774901212
2019-04-01,72.14,74.45,71.92,72.72,198660,0.00803992237316331,73.2105,70.8224,70.28005,0.1911181945559028
2019-04-02,73.15,74.67,71.92,72.28,114830,-0.006050605060506031,73.196,70.9354,70.21835,0.19022835454663223
2019-04-03,72.5,73.78,71.7,71.78,161530,-0.006917542888765893,73.1635,71.04140000000001,70.14495,0.19167198395725063
2019-04-04,71.99,74.82,71.41,73.23,508480,0.020200612984118127,73.207,71.20100000000001,70.1006,0.20507343829667413
2019-04-05,73.88,75.04,72.86,72.86,253480,-0.005052574081660599,73.2685,71.3648,70.08805,0.20232794965352957
2019-04-08,73.23,75.04,72.65,75.04,228910,0.029920395278616674,73.4135,71.507,70.08279999999999,0.22634368563392998
2019-04-09,73.88,76.38,73.66,73.66,630570,-0.018390191897654673,73.39649999999999,71.66640000000001,70.0849,0.21915732554419506
2019-04-10,74.82,74.97,72.36,74.0,255050,0.0046158023350530986,73.399,71.8342,70.07345000000001,0.21978978997396803
2019-04-11,73.15,74.38,72.43,72.65,51790,-0.018243243243243112,73.25399999999999,71.97200000000001,70.06869999999999,0.21351798666411825
2019-04-12,72.07,74.0,72.07,72.21,110800,-0.006056434962147472,73.09450000000001,72.0822,70.0664,0.21403568144005863
2019-04-16,73.49,73.56,71.41,71.56,261580,-0.009001523334718042,72.9025,72.1474,70.0793,0.21526083352443992
2019-04-17,71.63,74.23,71.56,71.92,244000,0.005030743432084872,72.79,72.22279999999999,70.11785,0.210403868954181
2019-04-18,71.92,73.49,70.54,70.54,195450,-0.019187986651835298,72.6375,72.2734,70.16125,0.21867147478343138
2019-04-19,72.08,72.97,70.54,70.83,142320,0.004111142614119601,72.536,72.31240000000001,70.22115,0.21762151827558063
2019-04-22,71.05,72.97,70.4,71.41,380410,0.008188620640971367,72.4015,72.36880000000001,70.3021,0.20986976262067908
2019-04-23,71.41,74.08,71.41,72.36,317750,0.013303458899313947,72.40549999999999,72.40220000000001,70.37485,0.19802214707020663
2019-04-24,72.65,74.23,72.21,72.5,124360,0.001934770591486945,72.4165,72.4486,70.442,0.1981245028725409
2019-04-25,73.93,74.08,71.85,73.56,70420,0.01462068965517238,72.473,72.5046,70.50224999999999,0.20457739836247354
2019-04-26,71.99,74.23,71.78,72.57,194500,-0.013458401305057266,72.491,72.5466,70.5718,0.21046532250769448
2019-05-02,72.72,76.3,72.65,74.68,610080,0.029075375499517886,72.61800000000001,72.638,70.6346,0.23373577194193634
2019-05-03,76.08,77.04,74.39,74.46,369240,-0.0029459025174077835,72.705,72.71640000000001,70.7072,0.23311936668972505
2019-05-06,73.44,75.49,72.5,75.49,432670,0.013832930432446933,72.8655,72.8066,70.7924,0.23549334705370903
2019-05-07,73.95,75.63,73.15,75.26,169030,-0.0030467611604184652,73.0395,72.87780000000001,70.8665,0.2338837726963399
2019-05-08,72.65,75.19,72.65,73.23,200610,-0.026973159712994965,73.0395,72.9068,70.91159999999999,0.24608393097930525
2019-05-09,72.94,75.04,72.14,72.36,355930,-0.011880376894715328,73.0145,72.8858,70.93955,0.24915944758291433
2019-05-10,72.86,73.23,72.21,72.86,183020,0.006909894969596486,72.90549999999999,72.893,70.9551,0.224388344795404
2019-05-13,72.86,74.67,72.72,73.08,159350,0.0030194894317869814,72.87650000000001,72.9306,70.9863,0.2155553284516347
2019-05-14,73.01,75.19,72.86,73.15,249390,0.0009578544061303873,72.834,72.9638,71.01395000000001,0.21483708584058883
2019-05-15,73.23,76.08,73.15,74.31,1053400,0.015857826384142015,72.917,73.0522,71.0442,0.21153851736035786
2019-05-16,74.75,76.75,74.6,74.6,361760,0.0039025703135511236,73.0365,73.116,71.0862,0.20994618509446034
2019-05-17,74.68,76.23,74.17,75.93,245590,0.017828418230563248,73.255,73.1716,71.13165,0.21335943266098903
2019-05-20,74.6,79.26,74.24,78.3,1263740,0.031212959304622645,73.574,73.2862,71.20315,0.23565333750287953
2019-05-21,78.45,79.56,77.0,77.29,450470,-0.012899106002554173,73.9115,73.3834,71.25715,0.2282586296738971
2019-05-22,77.29,80.83,77.29,78.01,635850,0.009315564756113393,74.2705,73.49640000000001,71.3027,0.22883417997840153
2019-05-23,78.09,80.9,77.29,79.54,670520,0.019612870144853245,74.67699999999999,73.6546,71.3573,0.23450944573209845
2019-05-24,78.89,81.64,78.38,79.79,586190,0.0031430726678400855,75.0485,73.80760000000001,71.42205000000001,0.23279753141789386
2019-05-27,79.04,80.01,77.0,77.0,512340,-0.03496678781802243,75.2735,73.8676,71.4601,0.2726790618987501
2019-05-28,77.36,80.53,77.36,80.38,429790,0.04389610389610388,75.61449999999999,73.9962,71.52244999999999,0.30668527603100443
2019-05-29,78.89,80.6,77.0,79.19,391420,-0.014804677780542397,75.94550000000001,74.069,71.57875,0.3077731259138178
2019-05-30,79.19,79.79,77.14,77.14,329610,-0.025887106957949158,76.0685,74.1038,71.637,0.3115028118042069
2019-05-31,77.0,77.14,74.89,74.89,787930,-0.029167746953590923,76.09,74.0936,71.6717,0.33015398883510527
2019-06-03,74.53,76.37,73.0,73.22,602080,-0.022299372412872276,75.97650000000002,74.0746,71.6927,0.3356574706728492
2019-06-04,73.37,74.31,73.29,73.29,486050,0.0009560229445506607,75.87800000000001,74.0686,71.70655,0.3356840390919926
2019-06-05,74.96,77.29,74.58,74.58,500760,0.017601309864920145,75.94550000000001,74.10300000000001,71.72134999999999,0.32732534148841735
2019-06-06,76.89,76.89,73.8,74.58,302820,0.0,76.0565,74.1126,71.7276,0.32376650510278454
2019-06-07,76.6,77.98,74.77,77.98,347690,0.045588629659426116,76.3125,74.2266,71.76165,0.3591804304622437
2019-06-10,76.9,78.67,76.13,76.32,350190,-0.021287509617850864,76.4745,74.3074,71.7723,0.3699423208919946
2019-06-11,76.32,78.48,76.03,76.42,432400,0.0013102725366878065,76.638,74.3872,71.79855,0.36992585990686694
2019-06-12,77.19,77.58,74.38,75.9,847940,-0.0068045014394136905,76.7175,74.461,71.81895,0.36776836359083753
2019-06-13,73.8,74.81,72.35,72.35,529700,-0.04677206851119908,76.60499999999999,74.46520000000001,71.80325,0.40512690963058695
2019-06-14,72.35,74.22,71.77,71.86,303500,-0.006772633033863107,76.40150000000001,74.44800000000001,71.78905,0.39915182883225325
2019-06-17,71.86,73.73,69.93,69.93,476780,-0.026857779014750838,75.98299999999999,74.40100000000001,71.75745,0.3872410347966246
2019-06-18,70.22,72.24,68.77,69.25,461990,-0.009724009724009774,75.58099999999999,74.3504,71.7302,0.38658405502939897
2019-06-19,69.73,71.65,69.35,69.54,258360,0.004187725631769057,75.1575,74.2766,71.70765,0.38445369157514
2019-06-20,69.73,73.13,69.73,71.38,594660,0.026459591601955657,74.7495,74.24700000000001,71.6943,0.3910851722927047
2019-06-21,73.43,74.22,71.57,71.86,334200,0.006724572709442489,74.35300000000001,74.1834,71.67125,0.3922923856827256
2019-06-24,71.67,73.63,71.28,71.28,259110,-0.008071249652101264,74.06700000000001,74.1358,71.64659999999999,0.37626992658498304
2019-06-25,71.38,73.03,70.31,71.94,357000,0.0092592592592593,73.645,74.0946,71.6357,0.33625768611942425
2019-06-26,71.75,72.44,70.22,70.51,243340,-0.019877675840978437,73.21099999999998,74.0518,71.62095000000001,0.3386297249035732
2019-06-27,70.61,72.24,69.73,69.73,264660,-0.011062260672245139,72.84049999999999,74.0022,71.61915,0.33083269172407476
2019-06-28,69.73,72.24,69.54,72.24,385570,0.03599598451168773,72.708,74.0158,71.63525,0.3476859376043879
2019-07-01,70.9,72.83,70.8,71.96,412650,-0.003875968992248069,72.645,74.01660000000001,71.64205,0.33916484780206363
2019-07-02,73.53,74.02,71.67,72.45,416150,0.006809338521400976,72.603,74.0548,71.65129999999999,0.3401676375449728
2019-07-03,72.45,73.73,71.38,71.38,275670,-0.014768806073154006,72.44300000000001,74.0658,71.6498,0.3368906119437108
2019-07-04,71.67,73.92,71.57,72.15,340040,0.01078733538806409,72.3215,74.0806,71.64144999999999,0.33989293271496285
2019-07-05,72.54,74.12,71.86,72.15,222050,0.0,72.03,74.07639999999999,71.63735,0.29128224927087326
2019-07-08,72.15,73.63,70.99,71.38,226330,-0.010672210672210802,71.78299999999999,74.054,71.62795,0.2851623954567394
2019-07-09,72.74,73.23,71.19,71.28,176430,-0.0014009526478003798,71.526,74.0084,71.62525,0.2847574867450399
2019-07-10,71.28,73.13,70.7,70.7,497130,-0.008136924803591405,71.26599999999999,73.971,71.6229,0.2850127869629406
2019-07-11,70.9,72.74,70.7,70.7,316780,0.0,71.18350000000001,73.89139999999999,71.6191,0.2344583425628419
2019-07-12,72.24,72.64,70.61,71.28,370600,0.008203677510608243,71.1545,73.8278,71.6182,0.2356338071740078
2019-07-15,71.28,72.25,71.28,72.06,453880,0.010942760942761032,71.261,73.7592,71.60535,0.21656057860132563
2019-07-16,72.35,74.81,72.35,72.35,478210,0.004024424091035206,71.41600000000001,73.701,71.59899999999999,0.2124954686598119
2019-07-17,72.25,74.12,71.86,73.43,301370,0.014927436074637424,71.6105,73.705,71.5941,0.21714539981150027
2019-07-18,71.67,73.23,70.9,70.99,518320,-0.033228925507285956,71.591,73.6776,71.58059999999999,0.2336728631881824
2019-07-19,71.09,73.92,70.7,71.67,443090,0.0095788139174533,71.58149999999999,73.6538,71.56139999999999,0.23500582354078892
2019-07-22,71.19,74.58,70.99,74.58,1246490,0.04060276266220164,71.7465,73.6838,71.54679999999999,0.27330303881644635
2019-07-23,76.2,77.6,74.48,75.85,653120,0.017028694019844304,71.94200000000001,73.7378,71.54825,0.2772502132671227
2019-07-24,77.2,77.6,74.87,75.07,571240,-0.01028345418589327,72.16999999999999,73.753,71.5476,0.26880774583363737
2019-07-25,75.07,78.5,74.48,76.53,831900,0.019448514719595078,72.51,73.7916,71.54275000000001,0.26904364956657045
2019-07-26,76.34,78.4,75.85,78.2,460430,0.021821507905396498,72.808,73.837,71.54555,0.2513684742423268
2019-07-29,76.53,78.2,74.97,76.14,403760,-0.026342710997442453,73.01700000000001,73.7938,71.54270000000001,0.2725686218035519
2019-07-30,76.04,77.7,74.67,74.67,505650,-0.0193065405831363,73.128,73.7414,71.52415,0.28324120493765453
2019-07-31,74.67,77.0,74.58,75.16,297000,0.006562207044328305,73.317,73.6844,71.5096,0.27687912613094756
2019-08-01,74.87,78.7,74.38,76.53,707670,0.01822778073443332,73.536,73.6242,71.49790000000002,0.2809809182707289
2019-08-02,75.85,80.4,75.56,80.4,1206300,0.050568404547236545,73.9485,73.63640000000001,71.53255,0.3271275406469
2019-08-05,80.5,81.5,78.39,80.7,790440,0.003731343283582156,74.4145,73.71039999999999,71.54745,0.3215563389235389
2019-08-06,77.81,84.3,77.81,83.8,1433680,0.038413878562577386,75.04050000000001,73.7788,71.598,0.33939329745121233
2019-08-07,82.02,86.6,81.72,86.6,1045730,0.03341288782816232,75.8355,73.92699999999999,71.6586,0.3446460828013718
2019-08-08,87.4,87.7,82.99,82.99,1177160,-0.04168591224018481,76.45,74.044,71.6997,0.3901212860193254
2019-08-09,82.9,85.9,82.02,82.41,855050,-0.00698879383058193,77.0065,74.1944,71.7379,0.39389682009643795
2019-08-12,82.6,86.3,82.6,83.87,818920,0.01771629656595075,77.59700000000001,74.4074,71.78269999999999,0.395396402780905
2019-08-13,84.36,87.9,84.07,85.15,992910,0.015261714558244988,78.237,74.6446,71.8436,0.3959428589530891
2019-08-14,86.5,86.9,83.19,83.87,758650,-0.015032295948326446,78.75899999999999,74.8304,71.9071,0.40367199820096006
2019-08-15,83.29,87.4,83.09,84.76,883210,0.01061166090377963,79.4475,75.034,71.9858,0.37471798073505697
2019-08-16,85.44,89.2,84.17,84.17,1428350,-0.006960830580462485,80.0725,75.1578,72.0655,0.379051302372843
2019-08-19,84.27,86.9,82.21,83.09,974960,-0.012831175002970152,80.498,75.2932,72.1481,0.36595944643626144
2019-08-20,83.19,85.5,82.11,83.97,856390,0.010590925502467208,80.904,75.4442,72.2441,0.36401725965128295
2019-08-21,86.4,87.2,83.68,83.78,881880,-0.002262712873645323,81.3395,75.6018,72.32655000000001,0.36054632767000644
2019-08-22,85.6,85.6,81.72,81.72,1206420,-0.024588207209357837,81.599,75.7892,72.38645,0.37205342929312796
2019-08-23,81.53,83.6,80.64,82.8,974700,0.013215859030836885,81.829,76.008,72.45895,0.3676751359399085
2019-08-26,82.99,85.7,81.72,82.02,961910,-0.009420289855072483,82.12299999999999,76.2498,72.515,0.35435812476576256
2019-08-27,83.8,84.6,81.04,83.2,601280,0.014386734942696933,82.5495,76.5288,72.57695,0.34507590340129995
2019-08-28,81.43,83.3,79.76,81.4,813610,-0.021634615384615308,82.8615,76.76599999999999,72.63525,0.35834371110362223
2019-08-29,79.27,82.4,78.79,80.16,554070,-0.01523341523341537,83.043,76.9416,72.6827,0.3606927381953545
2019-08-30,80.16,82.5,79.76,82.2,345760,0.02544910179640736,83.133,77.1484,72.74610000000001,0.32567297901871306
2019-09-03,80.45,83.2,80.35,82.4,358910,0.0024330900243310083,83.218,77.3708,72.8202,0.32557742208917334
2019-09-04,80.64,82.7,79.86,80.74,435720,-0.0201456310679613,83.065,77.54679999999999,72.8824,0.30243718831437755
2019-09-05,80.74,82.7,79.57,79.67,333990,-0.013252415159772046,82.7185,77.73,72.94465,0.27469998380936395
2019-09-06,79.86,81.3,78.79,79.27,551650,-0.0050207104305259875,82.5325,77.9208,73.00489999999999,0.23614343293643775
2019-09-09,79.27,81.0,77.9,80.4,702600,0.01425507758294442,82.43199999999999,78.084,73.0762,0.24237006026472224
2019-09-10,80.2,80.2,76.44,76.44,753240,-0.0492537313432837,82.0605,78.1736,73.1241,0.28598335575661876
2019-09-11,76.63,78.7,76.34,78.2,404310,0.02302459445316596,81.713,78.2886,73.16655,0.29429454542127453
2019-09-12,78.79,80.5,77.81,80.4,416530,0.028132992327365658,81.5395,78.469,73.2249,0.31232919288585165
2019-09-13,78.79,82.7,78.3,80.25,917470,-0.001865671641791078,81.314,78.631,73.28285000000001,0.30880693812180937
2019-09-16,80.94,82.9,80.35,80.55,420960,0.0037383177570093906,81.13300000000001,78.799,73.33155,0.309114811756019
2019-09-17,82.5,82.5,79.86,82.0,401940,0.018001241464928652,81.0785,79.01140000000001,73.3997,0.31413855858312806
2019-09-18,80.45,83.5,80.25,80.64,614270,-0.01658536585365855,80.912,79.1986,73.45779999999999,0.31624881837895064
2019-09-19,82.1,82.9,79.96,82.7,402590,0.025545634920634885,80.858,79.43860000000001,73.52420000000001,0.3308152145130628
2019-09-20,80.94,84.5,80.94,83.8,921660,0.013301088270858408,80.962,79.70060000000001,73.59989999999999,0.3213372762763633
2019-09-23,84.2,84.7,81.43,83.5,451800,-0.0035799522673031214,80.997,79.945,73.6892,0.3187030632548365
2019-09-24,81.72,83.5,81.13,83.0,304860,-0.005988023952095856,81.046,80.1638,73.76595,0.3175004227239699
2019-09-25,82.2,82.7,79.96,80.35,790300,-0.031927710843373536,80.90350000000001,80.3238,73.81915,0.33335258928107125
2019-09-26,82.0,82.1,78.3,78.98,1067510,-0.017050404480398185,80.7825,80.4348,73.86515,0.3300666732352621
2019-09-27,80.7,81.7,78.98,79.37,306340,0.004937958976956258,80.74300000000001,80.6024,73.91159999999999,0.3265209846821978
2019-09-30,79.37,81.3,78.3,78.69,437850,-0.008567468816933488,80.56750000000001,80.7428,73.95995,0.312998723759242
2019-10-01,78.69,78.69,77.81,77.81,604640,-0.011183123649764815,80.338,80.8074,73.99675,0.31417428055645263
2019-10-02,77.81,80.9,77.81,78.88,459560,0.013751445829584874,80.245,80.868,74.03559999999999,0.3122071499582197
2019-10-03,78.88,80.9,78.1,79.18,351600,0.0038032454361056622,80.22049999999999,80.95020000000001,74.08279999999999,0.3091697652997426
2019-10-04,79.08,79.37,78.59,78.59,303690,-0.007451376610255189,80.1865,80.9914,74.1235,0.30979984930488347
2019-10-07,78.59,78.59,77.32,77.32,401070,-0.016159816770581648,80.0325,80.9738,74.1546,0.30972683796703027
2019-10-08,77.32,78.1,77.32,78.0,200400,0.00879461976202811,80.1105,81.01100000000001,74.19194999999999,0.25548014367066163
2019-10-09,78.2,78.2,77.42,77.42,256400,-0.007435897435897454,80.0715,81.066,74.2214,0.24346024685496
2019-10-10,77.42,77.9,77.42,77.42,214760,0.0,79.9225,81.11120000000001,74.25665,0.2189979252295064
2019-10-11,77.42,78.69,77.42,78.3,202830,0.011366571945233828,79.825,81.14659999999999,74.30955,0.22392369468246193
2019-10-14,78.49,80.4,77.81,78.3,203660,0.0,79.7125,81.1046,74.3628,0.22323687879157042
2019-10-15,78.3,80.2,78.0,78.3,143660,0.0,79.5275,81.0566,74.4128,0.21140244550948709
2019-10-16,80.0,81.7,78.0,80.16,631520,0.023754789272030674,79.5035,80.9838,74.47139999999999,0.22321475822528664
2019-10-17,80.55,83.0,80.35,80.94,697760,0.009730538922155807,79.4155,80.87060000000001,74.5393,0.20536245853372462
2019-10-18,83.5,83.5,80.35,80.64,458730,-0.003706449221645647,79.25750000000001,80.8236,74.6064,0.19841534230011915
2019-10-21,80.64,82.4,79.37,80.25,442250,-0.004836309523809534,79.095,80.7804,74.6669,0.19861102144918585
2019-10-22,80.25,83.2,79.57,81.23,756840,0.012211838006230602,79.0065,80.7276,74.72785,0.20408415591931708
2019-10-23,83.5,83.5,80.94,81.04,229770,-0.002339037301489544,79.041,80.6454,74.79955,0.16854003366276363
2019-10-24,81.43,83.7,81.13,81.92,654270,0.010858835143139123,79.18800000000002,80.60640000000001,74.8865,0.15887464280474237
2019-10-25,82.02,84.2,81.23,81.43,598730,-0.005981445312499889,79.291,80.5398,74.9674,0.16080031630481537
2019-10-28,81.33,83.9,81.33,81.72,445380,0.0035613410291046588,79.4425,80.49080000000001,75.04465,0.15660711287420992
2019-10-29,81.72,83.5,80.84,80.84,415020,-0.01076847772883005,79.59400000000001,80.4458,75.11895,0.15615263573629282
2019-10-30,80.74,82.8,80.45,81.23,339360,0.004824344383968393,79.7115,80.39099999999999,75.18620000000001,0.1503162945861143
2019-10-31,81.23,82.5,80.74,81.53,430070,0.0036932167918255487,79.82900000000001,80.346,75.25925000000001,0.15029454997523692
2019-11-01,81.53,83.8,81.23,81.53,516040,0.0,79.976,80.34219999999999,75.32430000000001,0.14668870189563485
2019-11-04,81.92,83.87,81.62,83.78,1385820,0.02759720348338046,80.299,80.3618,75.41005,0.15717913488118088
2019-11-05,84.17,84.17,83.09,83.39,519090,-0.004655048937693973,80.5685,80.3892,75.49385000000001,0.15905222598077406
2019-11-06,83.19,85.3,82.9,83.19,303670,-0.0023983691090059267,80.857,80.389,75.57740000000001,0.15546773333029912
2019-11-07,83.19,83.68,82.9,83.39,446870,0.0024041351123933463,81.1555,80.4288,75.66810000000001,0.15495337106949966
2019-11-08,83.48,84.46,83.09,83.87,658550,0.005756085861614135,81.434,80.503,75.7641,0.15256470098440664
2019-11-11,84.07,85.7,82.8,82.9,432540,-0.0115655180636699,81.664,80.517,75.83895000000001,0.16134018315218487
2019-11-12,84.4,85.3,82.5,83.48,453130,0.006996381182147182,81.923,80.5386,75.9279,0.16157937998623456
2019-11-13,83.58,85.9,83.29,84.17,481130,0.008265452803066564,82.1235,80.6072,76.0207,0.14390556807385027
2019-11-14,84.27,85.05,82.6,83.19,745710,-0.011643103243435982,82.236,80.6776,76.10785000000001,0.14951752292255208
2019-11-15,82.99,83.87,82.99,83.48,406810,0.0034859959129702744,82.378,80.76180000000001,76.19175,0.14842649646849695
2019-11-18,83.19,84.7,82.6,82.6,423760,-0.010541447053186492,82.4955,80.8058,76.26325000000001,0.15310395932907486
2019-11-19,82.9,84.5,81.33,84.5,642680,0.023002421307506182,82.659,80.967,76.345,0.16726452726327398
2019-11-20,82.9,84.5,81.72,83.4,308170,-0.013017751479289852,82.777,81.071,76.42195000000001,0.17507484105960994
2019-11-21,81.23,83.7,80.74,80.74,697900,-0.031894484412470114,82.71799999999999,81.07780000000001,76.48125,0.20751190365293515
2019-11-22,81.43,83.5,79.27,79.86,603630,-0.01089918256130784,82.63950000000001,81.07,76.5376,0.20990994071652574
2019-11-25,79.86,82.9,79.67,82.9,312850,0.038066616579013335,82.6985,81.117,76.59865,0.25127291279287134
2019-11-26,81.53,83.3,81.13,81.53,235110,-0.016525934861278735,82.73299999999999,81.1076,76.6554,0.2555933119679216
2019-11-27,81.53,83.4,80.55,80.55,202300,-0.01202011529498348,82.699,81.1058,76.70435,0.25882822351418805
2019-11-28,80.55,82.2,79.27,79.37,464090,-0.01464928615766592,82.591,81.0392,76.74884999999999,0.2632317292411486
2019-11-29,79.37,81.5,78.3,79.47,263740,0.0012599218848430294,82.488,80.9526,76.79565000000001,0.2633466235695256
2019-12-02,80.06,81.5,78.3,78.3,339850,-0.014722536806342057,82.214,80.8486,76.83445,0.24422870424156595
2019-12-03,79.0,80.7,76.83,79.27,434760,0.0123882503192847,82.00800000000001,80.774,76.8759,0.25035794743307965
2019-12-04,78.88,81.6,78.88,80.64,283730,0.017282704680206873,81.88050000000001,80.77980000000001,76.9206,0.2599366967481099
2019-12-05,80.45,80.74,80.16,80.25,191370,-0.004836309523809534,81.7235,80.8052,76.96295,0.2597912835672205
2019-12-06,80.25,80.55,79.86,80.45,168870,0.0024922118380061864,81.55250000000001,80.8268,76.99815000000001,0.25879017906494495
2019-12-09,80.45,80.94,80.06,80.45,229770,0.0,81.42999999999999,80.86200000000001,77.0379,0.2563375879518901
2019-12-10,80.45,81.33,80.16,81.04,349410,0.007333747669359791,81.30799999999999,80.9266,77.0871,0.25648647895282245
2019-12-11,81.23,82.6,80.84,82.31,466970,0.01567127344521224,81.215,80.99520000000001,77.1412,0.2614708793550414
2019-12-12,82.31,82.7,82.02,82.21,220780,-0.0012149192078727555,81.16600000000001,81.0558,77.20280000000001,0.2584374230158941
2019-12-13,82.21,82.41,81.13,81.72,281100,-0.005960345456757055,81.078,81.11840000000001,77.25435,0.2586962085998586
2019-12-16,81.53,83.7,80.74,81.82,304590,0.0012236906510032508,81.039,81.2084,77.29769999999999,0.25626372087228666
2019-12-17,82.02,82.02,80.25,80.45,302700,-0.016744072353947592,80.8365,81.2574,77.3371,0.24688904709794005
2019-12-18,80.25,81.8,79.08,79.18,337680,-0.015786202610316935,80.6255,81.29260000000001,77.37085,0.24866651353703986
2019-12-19,79.27,81.7,79.18,79.76,257790,0.0073250820914372294,80.5765,81.3394,77.40785000000001,0.22496949365931704
2019-12-20,81.9,82.8,79.86,82.8,201140,0.03811434302908712,80.72349999999999,81.4294,77.4637,0.25957773671703266
2019-12-23,80.94,84.8,80.94,82.9,1001500,0.0012077294685990392,80.7235,81.5214,77.5175,0.22174671123162396
2019-12-24,85.0,85.0,82.31,82.7,347580,-0.0024125452352231624,80.78200000000001,81.60940000000001,77.561,0.21321356513794007
2019-12-25,84.7,85.7,82.5,83.68,722330,0.011850060459492218,80.9385,81.6798,77.60965,0.2110053982930596
2019-12-26,83.68,84.85,83.19,83.78,1160250,0.001195028680688326,81.159,81.7366,77.6508,0.2017240316952526
2019-12-27,83.68,86.3,83.19,84.66,473750,0.010503700167104224,81.4185,81.817,77.6971,0.20345926264801642
2019-12-30,85.15,86.03,84.66,84.66,741960,0.0,81.7365,81.90520000000001,77.74340000000001,0.19263852660438724
2019-12-31,84.46,85.05,83.78,84.17,374050,-0.005787857311599254,81.98150000000001,81.964,77.7934,0.19292248107013601
2020-01-02,84.66,85.73,84.17,85.54,651790,0.016276583105619524,82.2265,82.054,77.85315,0.19197030066370174
2020-01-03,86.03,87.7,84.27,84.95,659870,-0.006897357961187733,82.4615,82.1146,77.9136,0.19322468894904085
2020-01-06,84.85,85.93,83.97,83.97,692370,-0.011536197763390321,82.63750000000002,82.1654,77.96295,0.1999360388506367
2020-01-07,84.17,85.15,83.19,85.05,576310,0.012861736334405016,82.8675,82.23199999999999,78.02680000000001,0.20322896111009808
2020-01-08,85.15,86.9,82.31,83.29,948880,-0.02069370958259842,82.97999999999999,82.281,78.08185,0.21880263039920006
2020-01-09,86.1,87.1,83.78,86.2,563340,0.03493816784728043,83.1745,82.38040000000001,78.1507,0.244571202461588
2020-01-10,86.5,88.7,84.76,86.61,1665860,0.004756380510440694,83.3945,82.48200000000001,78.2227,0.24431145474643734
2020-01-13,86.52,89.4,86.22,87.1,711990,0.005657545318092483,83.66350000000001,82.5934,78.2975,0.24230794892165458
2020-01-14,88.9,89.0,86.52,87.01,435560,-0.001033295063145645,83.923,82.65799999999999,78.36895,0.24269690959184456
2020-01-15,86.71,90.6,86.61,90.0,1175740,0.034363866222273165,84.40050000000001,82.7902,78.45755,0.25453656384457285
2020-01-16,88.28,90.6,87.69,87.99,629290,-0.022333333333333427,84.84100000000001,82.8862,78.5386,0.26280855752830756
2020-01-17,88.08,90.9,87.79,88.77,738240,0.008864643709512565,85.29150000000001,82.99380000000001,78.6163,0.2630134873101339
2020-01-20,89.06,92.3,89.06,90.04,818960,0.014306635124479161,85.65350000000001,83.1172,78.7022,0.2360457595676203
2020-01-21,90.43,92.1,89.16,91.0,622420,0.010661928031985735,86.05850000000001,83.2792,78.782,0.23678516894679652
2020-01-22,89.06,91.8,88.47,91.3,702790,0.003296703296703285,86.4885,83.43560000000001,78.87020000000001,0.23534885114568665
2020-01-30,90.6,90.8,84.95,85.83,1298290,-0.05991237677984662,86.59599999999999,83.46880000000002,78.92935,0.32765305240646575
2020-01-31,85.15,88.3,82.21,84.3,2087700,-0.017825934987766523,86.622,83.491,78.9876,0.33474788145299567
2020-02-03,80.0,84.0,78.0,81.04,1433110,-0.0386714116251482,86.441,83.4422,79.03174999999999,0.35987039188345876
2020-02-04,83.2,84.3,80.74,82.21,812530,0.014437314906218912,86.3185,83.43440000000001,79.085,0.3645191043069847
2020-02-05,82.5,84.8,80.84,82.7,648860,0.005960345456757166,86.24499999999999,83.3984,79.1389,0.36494889429619337
2020-02-06,82.7,84.0,80.84,82.11,586840,-0.007134220072551378,86.0735,83.3726,79.19675000000001,0.35999545066453803
2020-02-07,82.21,83.9,80.55,80.84,753340,-0.01546705638777246,85.868,83.37459999999999,79.24680000000001,0.36287956103325625
2020-02-10,80.25,80.64,79.27,79.76,555450,-0.013359722909450755,85.6575,83.3726,79.28855,0.3635572363600933
2020-02-11,80.25,82.0,79.76,79.76,405250,0.0,85.393,83.3098,79.32555,0.35927684961832146
2020-02-12,80.45,83.9,79.96,80.74,622610,0.012286860581744996,85.2655,83.294,79.36675,0.3567494453422481
2020-02-13,80.74,81.23,80.16,80.74,384700,0.0,84.99249999999999,83.29780000000001,79.40265000000001,0.33023665420647014
2020-02-14,80.74,81.04,80.45,80.94,297190,0.002477086945751772,84.709,83.3292,79.4445,0.3296199094399584
2020-02-17,80.74,81.23,80.45,80.64,343220,-0.003706449221645647,84.386,83.3526,79.4743,0.3279651058862753
2020-02-18,80.84,84.2,80.64,81.92,659890,0.015873015873015817,84.13149999999999,83.425,79.5116,0.335158520131664
2020-02-19,81.92,85.2,81.92,83.68,692450,0.021484375,83.8155,83.5132,79.55255,0.31894589820932184
2020-02-20,84.56,86.3,82.9,83.48,439930,-0.002390057361376652,83.59,83.57,79.59365,0.31103366326500675
2020-02-21,83.39,83.68,81.72,82.02,682030,-0.01748921897460476,83.2525,83.60539999999999,79.6376,0.3123933108095586
2020-02-24,80.35,80.94,79.47,79.47,1114770,-0.03108997805413316,82.724,83.5858,79.67314999999999,0.31906436084643386
2020-02-25,79.27,81.23,79.27,81.23,775410,0.0221467220334719,82.2355,83.60140000000001,79.715,0.32946732918270616
2020-02-26,80.25,82.02,80.06,81.23,602240,0.0,81.732,83.60520000000001,79.75574999999999,0.3285124043212441
2020-02-27,81.23,83.4,81.04,81.72,355500,0.006032254093315315,81.52650000000001,83.5934,79.7986,0.26026974082240323
2020-02-28,80.25,80.74,79.86,79.96,455890,-0.021536955457660323,81.30949999999999,83.5484,79.82685000000001,0.26351486316647554
2020-03-02,81.7,82.3,79.67,81.6,450120,0.02051025512756377,81.3375,83.546,79.86184999999999,0.23832388872364657
2020-03-03,82.6,82.6,79.86,80.25,390160,-0.016544117647058765,81.23949999999999,83.51459999999999,79.88345,0.23958024791940125
2020-03-04,80.06,80.45,79.86,80.45,263230,0.0024922118380061864,81.12700000000001,83.51460000000002,79.8942,0.23853922646356163
2020-03-05,80.84,82.7,79.96,79.96,318450,-0.006090739589807437,81.0195,83.53020000000001,79.90755,0.23822758663323357
2020-03-06,81.5,81.6,78.49,78.98,582160,-0.012256128064031868,80.9265,83.51459999999999,79.9124,0.23594212912929344
2020-03-09,73.6,78.0,73.5,73.5,1114330,-0.06938465434287167,80.6135,83.32860000000001,79.8822,0.3368968048280508
2020-03-10,69.49,75.3,69.49,72.13,653470,-0.018639455782312964,80.232,83.11319999999999,79.84389999999999,0.3405420695963616
2020-03-11,72.91,74.5,67.14,67.14,1210390,-0.0691806460557326,79.55199999999999,82.802,79.7946,0.4033462225652775
2020-03-12,62.44,63.8,62.44,62.44,516330,-0.07000297885016393,78.637,82.37720000000002,79.7049,0.4560400448863135
2020-03-13,58.13,61.36,58.13,60.29,1549920,-0.03443305573350419,77.6045,81.9074,79.6104,0.4589190813619148
2020-03-16,59.21,59.21,56.08,56.08,903300,-0.06982915906452147,76.3765,81.3358,79.5051,0.49726549242489054
2020-03-17,52.16,55.79,52.16,55.79,1240480,-0.005171184022824571,75.07000000000001,80.7584,79.4096,0.4839567818822059
2020-03-18,55.79,57.25,55.79,56.18,777380,0.006990500089621765,73.695,80.1986,79.3244,0.4705974265836607
2020-03-19,55.2,55.3,52.85,53.24,467220,-0.05233179067283722,72.18299999999999,79.5526,79.22415,0.4800996012884829
2020-03-20,52.85,53.93,52.26,53.83,808070,0.011081893313298119,70.7735,78.9302,79.1204,0.4940049843976229
2020-03-23,51.87,51.87,50.11,50.11,931290,-0.06910644621958018,69.3055,78.253,78.99805,0.5225607497205258
2020-03-24,51.5,52.5,49.23,50.31,824750,0.003991219317501571,67.75949999999999,77.5582,78.85969999999999,0.5058018140523969
2020-03-25,52.75,54.9,51.87,53.73,1192820,0.06797853309481194,66.38449999999999,76.967,78.74675,0.5965253665066826
2020-03-26,53.83,55.2,52.65,52.65,1095970,-0.02010050251256279,64.931,76.296,78.6279,0.588693460854352
2020-03-27,52.95,53.34,50.01,50.79,936120,-0.035327635327635276,63.472500000000004,75.5796,78.50234999999999,0.5908672688877084
2020-03-30,47.27,48.94,47.27,47.27,1030090,-0.06930498129553053,61.75599999999999,74.783,78.37695,0.5916415158923479
2020-03-31,47.47,48.74,44.04,45.9,595870,-0.028982441294690187,60.0385,73.9608,78.24715,0.5905792717917518
2020-04-01,45.1,49.1,45.1,48.6,545620,0.05882352941176472,58.44599999999999,73.1328,78.1405,0.657766493576317
2020-04-03,49.5,52.0,49.2,51.9,873070,0.06790123456790109,57.043000000000006,72.411,78.05375,0.7327453525365801
2020-04-06,54.6,55.5,53.1,55.5,1275440,0.06936416184971095,55.86900000000001,71.74560000000001,77.98355,0.7990056453216465
2020-04-07,56.0,57.2,55.0,57.0,1214990,0.027027027027026973,55.044000000000004,71.0848,77.91165,0.787226485103392
2020-04-08,54.3,56.5,54.3,56.2,833930,-0.014035087719298178,54.2475,70.3888,77.83335,0.7868393123459199
2020-04-09,56.2,59.9,56.2,58.0,1080630,0.03202846975088969,53.790499999999994,69.72279999999999,77.76695000000001,0.7698100587209918
2020-04-10,58.0,58.8,56.1,57.6,847960,-0.006896551724137945,53.548500000000004,69.1582,77.69525,0.7320751852950305
2020-04-13,57.6,59.4,56.7,57.6,820650,0.0,53.414,68.6242,77.63069999999999,0.7226187553765111
2020-04-14,58.4,58.4,56.5,57.5,740380,-0.0017361111111111605,53.485,68.1534,77.56954999999999,0.6758767627442783
2020-04-15,57.8,59.4,57.8,59.2,797850,0.029565217391304355,53.6555,67.69319999999999,77.50435,0.6821319312344353
2020-04-16,58.8,59.5,57.5,59.0,621760,-0.0033783783783783994,53.7965,67.2192,77.43955,0.6824909489239318
2020-04-17,59.8,60.5,59.4,59.7,1193570,0.011864406779661163,54.1195,66.771,77.3758,0.6503367347194132
2020-04-20,61.0,61.2,59.5,60.2,1223870,0.008375209380234505,54.438,66.3582,77.3199,0.6501568464899805
2020-04-21,59.5,60.2,56.9,57.9,1314890,-0.038205980066445266,54.8275,65.921,77.24865,0.6106079128589736
2020-04-22,56.2,58.9,56.2,58.8,873320,0.015544041450777257,55.251999999999995,65.50179999999999,77.1819,0.6109920445111239
2020-04-23,60.5,60.6,59.0,59.4,634070,0.010204081632653184,55.5355,65.075,77.122,0.5694329285736772
2020-04-24,59.6,59.7,59.1,59.5,434140,0.0016835016835017313,55.87800000000001,64.6502,77.0631,0.5615701180572497
2020-04-27,60.0,60.2,58.0,58.0,932470,-0.025210084033613467,56.2385,64.1914,76.9996,0.5525979252717063
2020-04-28,58.0,58.4,57.0,57.2,716420,-0.013793103448275779,56.735,63.7226,76.9321,0.48113429498142607
2020-04-29,57.2,57.4,56.7,56.9,890670,-0.005244755244755317,57.285000000000004,63.222199999999994,76.8602,0.46264383493317024
2020-05-04,56.8,58.0,56.2,56.5,274490,-0.007029876977152849,57.67999999999999,62.678599999999996,76.7824,0.43067375869127533
2020-05-05,56.8,57.1,55.7,56.0,786060,-0.008849557522123908,57.885000000000005,62.129,76.70065000000001,0.37087442494800577
2020-05-06,56.0,56.8,56.0,56.5,932630,0.008928571428571397,57.935,61.618599999999994,76.616,0.2808624071262301
2020-05-07,57.0,57.6,56.8,57.5,823310,0.017699115044247815,57.96,61.1792,76.54855,0.2712018088134609
2020-05-08,58.0,59.5,57.9,58.2,1518960,0.012173913043478368,58.06,60.71860000000001,76.4812,0.26841703931183586
2020-05-11,58.8,59.9,58.3,59.7,1231840,0.025773195876288568,58.145,60.288000000000004,76.4068,0.25988309318234726
2020-05-12,59.7,63.8,58.7,63.8,2362950,0.06867671691792276,58.455000000000005,59.9296,76.34655,0.35003201183482985
2020-05-13,64.0,65.5,62.0,64.9,1460490,0.017241379310344973,58.82000000000001,59.6284,76.29570000000001,0.35188095834056626
2020-05-14,63.8,64.9,63.4,63.6,1021220,-0.02003081664098616,59.125,59.2684,76.23105,0.36317425091157873
2020-05-15,63.8,63.9,61.5,62.0,1381060,-0.02515723270440251,59.265,58.903400000000005,76.15005,0.3666099280899998
2020-05-18,61.8,64.0,61.6,63.5,785810,0.024193548387096753,59.489999999999995,58.564400000000006,76.08685,0.37367890732913495
2020-05-19,64.3,65.3,63.5,64.3,1052410,0.012598425196850283,59.71999999999999,58.2512,76.035,0.3738943349508091
2020-05-20,63.6,64.4,63.4,64.0,691470,-0.004665629860031051,59.910000000000004,57.9516,75.9792,0.3747250260962148
2020-05-21,63.6,64.0,63.0,64.0,1380800,0.0,60.214999999999996,57.7616,75.91655,0.3416421886626921
2020-05-22,63.6,63.7,62.8,63.2,801200,-0.012499999999999956,60.435,57.583,75.83054999999999,0.3449076030105591
2020-05-25,63.5,64.3,63.5,64.0,709350,0.012658227848101111,60.665,57.5202,75.74705,0.3456179886754183
2020-05-26,64.4,64.8,63.9,64.2,1048050,0.0031250000000000444,60.9,57.5554,75.64905,0.34553007402757263
2020-05-27,64.5,65.0,63.0,63.0,1268400,-0.01869158878504673,61.15,57.6096,75.53105,0.3389256207430562
2020-05-28,62.5,63.1,62.2,62.7,796350,-0.004761904761904745,61.425,57.742000000000004,75.4296,0.3339918535427845
2020-05-29,62.5,64.0,62.1,63.1,764030,0.006379585326953707,61.735,57.888200000000005,75.33305,0.3318941386563108
2020-06-01,63.4,64.3,63.3,63.9,704970,0.012678288431061668,62.105000000000004,58.0426,75.23320000000001,0.3294780716477683
2020-06-02,64.0,64.0,63.2,63.2,570230,-0.010954616588419341,62.464999999999996,58.241800000000005,75.12345,0.3308499341825342
2020-06-03,63.3,63.8,63.1,63.4,454850,0.0031645569620253333,62.81,58.43320000000001,75.02109999999999,0.33086785175469635
2020-06-04,63.8,64.0,63.4,63.7,790280,0.004731861198738141,63.120000000000005,58.705,74.9158,0.3279651800526973
2020-06-05,63.6,63.7,63.4,63.7,540200,0.0,63.395,58.97280000000001,74.81345,0.3274430708930384
2020-06-08,64.1,66.2,64.1,66.1,2208530,0.037676609105180336,63.714999999999996,59.220200000000006,74.7285,0.34007494384071296
2020-06-09,66.6,66.6,64.9,65.5,741240,-0.009077155824508187,63.8,59.4772,74.63615,0.2472806725033714
2020-06-10,65.5,65.6,64.0,65.0,808850,-0.007633587786259555,63.80499999999999,59.7614,74.54225,0.24189137825131338
2020-06-11,64.6,65.0,60.5,60.5,2000670,-0.0692307692307692,63.65,60.026,74.43615,0.33970158247153653
2020-06-12,57.0,60.0,57.0,59.5,1285680,-0.016528925619834656,63.525,60.298,74.31965,0.3333130659279452
2020-06-15,59.6,59.8,57.0,57.2,832010,-0.03865546218487392,63.21,60.47,74.19555,0.34272802906455546
2020-06-16,58.8,58.8,57.5,58.8,561700,0.027972027972027913,62.935,60.608000000000004,74.07355,0.35722657879113867
2020-06-17,58.8,59.0,58.1,58.3,297630,-0.008503401360544172,62.65,60.663999999999994,73.95805,0.3575502956641637
2020-06-18,58.0,58.2,57.4,58.2,300710,-0.0017152658662091813,62.36,60.688,73.84825,0.3573216228308636
2020-06-19,58.1,59.2,58.1,59.2,372600,0.01718213058419238,62.160000000000004,60.748000000000005,73.73325,0.3639719640965083
2020-06-22,59.4,59.6,58.8,59.1,450920,-0.0016891891891892552,61.915,60.77,73.61675,0.359313927625348
2020-06-23,59.5,60.5,59.1,59.8,693580,0.011844331641285955,61.69499999999999,60.81399999999999,73.51205,0.36283488235803846
2020-06-24,61.0,61.0,59.6,60.4,378710,0.010033444816053505,61.565,60.87,73.4157,0.3609857287390655
2020-06-25,59.0,60.0,59.0,59.6,322620,-0.013245033112582738,61.40999999999999,60.912,73.31734999999999,0.36314144198180265
2020-06-26,60.4,60.4,59.0,59.6,275900,0.0,61.235,60.92,73.21335,0.3618277627985198
2020-06-29,59.0,59.0,57.0,57.5,611900,-0.03523489932885904,60.915,60.89,73.11865,0.37473975702072776
2020-06-30,57.6,58.3,56.4,57.4,372480,-0.0017391304347826875,60.625,60.843999999999994,73.01465,0.374222726801453
2020-07-01,57.4,59.2,57.4,58.6,249490,0.020905923344947785,60.385000000000005,60.812,72.90565,0.3842276164015743
2020-07-02,58.5,59.0,58.0,58.7,209080,0.0017064846416381396,60.135000000000005,60.828,72.7979,0.38350215265189536
2020-07-03,58.7,58.9,58.6,58.6,249650,-0.0017035775127768327,59.879999999999995,60.824000000000005,72.68815,0.38332610378194626
2020-07-06,59.1,59.8,58.8,59.5,408770,0.015358361774743923,59.55,60.826,72.57565,0.3586245738059393
2020-07-07,60.0,60.0,59.4,59.4,375160,-0.001680672268907557,59.245000000000005,60.824000000000005,72.46945000000001,0.3584696739601676
2020-07-08,59.4,59.5,59.0,59.2,278600,-0.0033670033670032407,58.955,60.848,72.35195,0.35831507895747144
2020-07-09,59.6,60.7,59.3,60.6,786280,0.023648648648648685,58.96,60.916,72.23595,0.27819733316698486
2020-07-10,60.1,60.5,59.6,59.9,305070,-0.011551155115511635,58.98,60.976000000000006,72.11795000000001,0.27476017704939504
2020-07-13,60.0,60.4,59.3,59.3,288510,-0.010016694490818101,59.085,61.03200000000001,71.99945000000001,0.2368506146279493
2020-07-14,59.1,59.4,58.6,59.3,325390,0.0,59.11,61.098,71.8942,0.21591478359233193
2020-07-15,59.9,60.4,59.7,60.2,490010,0.01517706576728517,59.205000000000005,61.172000000000004,71.80030000000001,0.21913914005007723
2020-07-16,60.5,60.5,59.7,60.5,339840,0.004983388704318914,59.32000000000001,61.232000000000006,71.70595,0.21904623927233435
2020-07-17,60.3,60.4,60.0,60.4,308760,-0.0016528925619835322,59.379999999999995,61.275999999999996,71.61449999999999,0.211851723429113
2020-07-20,60.3,60.4,59.4,59.4,353660,-0.01655629139072845,59.395,61.27,71.52244999999999,0.2208205642557706
2020-07-21,59.8,59.8,59.0,59.4,212580,0.0,59.375,61.181999999999995,71.42505,0.21660235472587241
2020-07-22,59.4,59.4,58.5,58.6,456500,-0.013468013468013407,59.285000000000004,61.056,71.32215000000001,0.2178694044455921
2020-07-23,58.6,59.5,58.6,59.0,327350,0.0068259385665527805,59.25500000000001,60.964,71.2242,0.21505371907542672
2020-07-24,58.9,58.9,55.0,56.0,921350,-0.05084745762711862,59.075,60.843999999999994,71.1176,0.27975140122241576
2020-07-27,52.5,54.0,52.1,52.1,970710,-0.06964285714285712,58.80499999999999,60.61599999999999,70.9881,0.3501933232882048
2020-07-28,52.1,54.1,52.0,54.0,779540,0.03646833013435691,58.635000000000005,60.41,70.87100000000001,0.37948723428508824
2020-07-29,52.5,52.5,50.3,51.5,1011340,-0.04629629629629628,58.279999999999994,60.16,70.7414,0.39838102967184935
2020-07-30,51.4,52.1,51.3,51.5,338980,0.0,57.919999999999995,59.91,70.6074,0.3979816222943425
2020-07-31,50.0,51.7,49.8,51.6,440450,0.001941747572815622,57.57000000000001,59.678000000000004,70.4739,0.3987394501074783
2020-08-03,52.5,53.0,51.6,52.8,579260,0.02325581395348819,57.235,59.45399999999999,70.3464,0.4052905834090641
2020-08-04,53.5,54.0,53.2,53.5,381250,0.013257575757575912,56.94,59.24,70.2131,0.4106587938077223
2020-08-05,53.09,54.58,52.7,54.48,418820,0.018317757009345792,56.70400000000001,59.0696,70.0808,0.4188588500791272
2020-08-06,54.98,55.97,54.38,55.18,605910,0.01284875183553602,56.43299999999999,58.91919999999999,69.9535,0.41115279039997427
2020-08-07,55.18,55.97,54.68,54.78,399080,-0.007249003262051468,56.17700000000001,58.7528,69.82615000000001,0.41043607495433965
2020-08-10,55.48,55.57,54.78,54.88,348770,0.001825483753194579,55.955999999999996,58.572399999999995,69.6944,0.41033694835376566
2020-08-11,55.08,55.08,54.19,54.68,390200,-0.0036443148688046767,55.725,58.402,69.5626,0.41012374538622554
2020-08-12,54.28,54.58,53.89,54.19,431140,-0.008961228968544344,55.4245,58.2178,69.42395,0.4042788725971513
2020-08-13,54.48,55.57,54.38,55.57,566750,0.025465953127883356,55.178,58.055200000000006,69.29465,0.4172692058874581
2020-08-14,55.38,56.86,55.38,56.07,581400,0.008997660608241809,54.9615,57.90259999999999,69.16640000000001,0.4197371592285244
2020-08-17,56.07,56.07,54.98,55.48,303530,-0.010522561084358895,54.765499999999996,57.6902,69.03960000000001,0.4177654608392596
2020-08-18,55.48,55.67,54.58,54.88,418780,-0.010814708002883866,54.53950000000001,57.477799999999995,68.90785,0.41847408805324204
2020-08-19,54.68,55.57,54.68,55.18,663300,0.0054664723032069595,54.3685,57.28139999999999,68.7761,0.41795643505954194
2020-08-20,55.28,55.77,54.58,55.18,668690,0.0,54.177499999999995,57.175,68.64434999999999,0.4166006484291545
2020-08-21,55.57,56.07,55.38,55.87,842610,0.012504530627038823,54.17099999999999,57.102399999999996,68.5048,0.37911691767387146
2020-08-24,57.56,58.35,56.96,58.15,1374000,0.04080902094147132,54.4735,57.1214,68.37859999999999,0.304840818207023
2020-08-25,58.55,59.25,58.35,59.25,1147730,0.018916595012897774,54.736000000000004,57.1304,68.2589,0.2871874941068005
2020-08-26,59.15,59.35,58.15,58.55,601340,-0.011814345991561281,55.088499999999996,57.1354,68.13470000000001,0.22520202095554218
2020-08-27,58.06,58.55,57.96,58.35,605350,-0.0034158838599487318,55.431000000000004,57.138400000000004,68.0071,0.2268362061132675
2020-08-28,59.05,61.33,58.65,60.34,1224030,0.03410454155955445,55.867999999999995,57.1612,67.89429999999999,0.2464139274241346
2020-08-31,60.34,61.13,59.54,59.54,638480,-0.013258203513423994,56.205,57.17,67.7746,0.25042161783931904
2020-09-01,59.94,60.64,59.35,60.54,611550,0.016795431642593117,56.556999999999995,57.184799999999996,67.65644999999999,0.25206445936843735
2020-09-03,60.83,61.03,59.84,60.93,694700,0.006442021803766185,56.87949999999999,57.1954,67.54514999999999,0.24805954787989465
2020-09-04,59.64,60.8,59.64,60.14,727010,-0.012965698342360055,57.12750000000001,57.206199999999995,67.42845,0.2550525334677202
2020-09-07,60.24,60.8,58.55,58.9,890940,-0.020618556701030966,57.333499999999994,57.1922,67.30995,0.267296335992632
2020-09-08,58.55,59.5,57.86,59.35,510730,0.007640067911714787,57.557,57.2292,67.1842,0.2675333350529397
2020-09-09,58.55,59.5,58.35,59.5,348460,0.002527379949452291,57.798,57.2712,67.0647,0.2660701505003304
2020-09-10,59.15,60.0,59.05,59.35,294680,-0.0025210084033613356,58.056,57.2862,66.95774999999999,0.2627534022607926
2020-09-11,59.15,59.5,58.55,59.05,349420,-0.005054759898904915,58.23,57.2932,66.8537,0.25289066827033146
2020-09-14,59.54,59.9,59.15,59.54,504820,0.00829805249788329,58.403499999999994,57.312,66.73689999999999,0.2526886195119653
2020-09-15,59.54,60.2,59.25,59.44,313000,-0.001679543164259334,58.6015,57.3108,66.62645,0.24826454573890297
2020-09-16,60.04,60.54,59.74,60.24,634810,0.013458950201884257,58.869499999999995,57.32759999999999,66.5249,0.2445371121556565
2020-09-17,60.44,60.54,59.35,59.35,393600,-0.014774236387782191,59.077999999999996,57.3306,66.4248,0.2541511616271636
2020-09-18,59.35,59.94,59.35,59.94,268900,0.009941027801179336,59.315999999999995,57.3174,66.32715,0.2546447045627557
2020-09-21,59.94,61.13,59.94,60.54,907790,0.010010010010010006,59.5495,57.3302,66.23835,0.25372669238042816
2020-09-22,60.54,60.64,59.94,60.44,594930,-0.0016518004625041272,59.664,57.352999999999994,66.1442,0.21399756377102924
2020-09-23,60.34,62.92,60.24,62.92,2082610,0.041032428855062975,59.847500000000004,57.425399999999996,66.0556,0.24873830513796202
2020-09-24,62.32,62.82,61.73,61.83,594470,-0.017323585505403694,60.0115,57.45799999999999,65.96350000000001,0.2538432181835777
2020-09-25,62.02,62.32,61.23,61.53,560390,-0.004852013585638026,60.17049999999999,57.4786,65.8689,0.2543639938305828
2020-09-28,61.53,61.63,61.13,61.53,635190,0.0,60.23,57.5012,65.7743,0.22586678855535489
2020-09-29,62.02,62.12,60.34,60.34,996730,-0.019340159271899804,60.27,57.52,65.6708,0.23193501091709245
2020-09-30,60.54,60.73,60.14,60.44,458470,0.0016572754391779299,60.26500000000001,57.5408,65.56145000000001,0.22415491450281844
2020-10-01,60.64,61.23,60.64,61.23,488320,0.013070814030443412,60.279999999999994,57.5934,65.45655,0.22788120543794144
2020-10-02,61.33,61.53,56.96,60.54,1002960,-0.011268985791278774,60.3,57.6242,65.35065,0.22664319417442105
2020-10-05,60.54,61.03,60.34,60.73,479610,0.0031384208787577084,60.39149999999999,57.7188,65.24520000000001,0.21263947836773556
2020-10-06,61.33,61.33,60.44,60.64,464940,-0.0014819693726328964,60.455999999999996,57.8896,65.14614999999999,0.21167476061113846
2020-10-07,60.44,60.93,60.24,60.64,645490,0.0,60.513,58.022400000000005,65.05345,0.21164822403477865
2020-10-08,60.73,62.62,60.64,62.32,1514000,0.02770448548812654,60.661500000000004,58.2388,64.96625,0.23120689289383156
2020-10-09,62.52,63.61,61.73,62.72,822790,0.006418485237484006,60.845000000000006,58.46320000000001,64.86585,0.22978802589251207
2020-10-12,62.92,63.32,61.33,61.53,552410,-0.0189732142857143,60.944500000000005,58.66179999999999,64.759,0.24171484629394024
2020-10-13,61.53,62.12,61.53,62.02,547290,0.007963594994311762,61.0735,58.846199999999996,64.65559999999999,0.2423208014748752
2020-10-14,61.93,63.02,61.63,62.42,663960,0.006449532408900227,61.182500000000005,59.0246,64.54929999999999,0.2392734700442833
2020-10-15,62.72,64.61,62.72,64.51,1908730,0.033482858058314635,61.44050000000001,59.2252,64.45295,0.25547508003302905
2020-10-16,64.51,68.5,63.71,67.58,1804530,0.04758952100449543,61.822500000000005,59.473200000000006,64.36755,0.2979287947407942
2020-10-19,68.28,68.77,66.79,66.99,849020,-0.008730393607576215,62.145,59.7174,64.2792,0.3021314428746034
2020-10-20,66.79,66.89,65.8,66.49,997580,-0.007463800567248824,62.447500000000005,59.949600000000004,64.1908,0.3045852942043645
2020-10-21,66.49,67.88,66.19,66.49,871370,0.0,62.626,60.1858,64.09555,0.27334370354020443
2020-10-22,66.69,68.2,65.9,67.68,836480,0.017897428184689534,62.91850000000001,60.455600000000004,64.0092,0.2673029253110484
2020-10-23,67.98,68.28,67.19,67.48,1027180,-0.002955082742316817,63.21600000000001,60.6938,63.92675,0.2664909121984144
2020-10-26,68.18,70.8,67.58,69.0,1797850,0.022525192649673897,63.58950000000001,60.952400000000004,63.846500000000006,0.27307055810906367
2020-10-27,69.5,70.0,68.18,68.87,1082800,-0.00188405797101443,64.01599999999999,61.220200000000006,63.77439999999999,0.2583155135350278
2020-10-28,68.57,69.27,65.5,65.5,1433230,-0.04893277188906642,64.26899999999999,61.4326,63.6709,0.32529743757627433
2020-10-29,65.5,68.2,64.9,66.29,1616230,0.012061068702290179,64.522,61.6548,63.569300000000005,0.32495292450384583
2020-10-30,67.5,68.97,66.09,68.97,1141590,0.04042842057625573,64.9435,61.9306,63.478649999999995,0.3436388976274899
2020-11-02,69.37,71.75,68.97,70.96,1565570,0.028853124546904363,65.455,62.2324,63.3984,0.3520621630402344
2020-11-03,71.35,72.4,70.06,70.46,1068050,-0.0070462232243517775,65.946,62.4786,63.3007,0.3546046160772784
2020-11-04,70.66,72.0,70.06,71.16,941660,0.009934714731762773,66.472,62.71679999999999,63.21655,0.35346930934008125
2020-11-05,73.0,73.4,71.35,72.05,1297760,0.012507026419336764,66.9585,62.9868,63.13295,0.34643102398731757
2020-11-06,72.94,74.43,72.54,72.74,1668190,0.009576682859125496,67.4595,63.27459999999999,63.04645000000001,0.346480879430785
2020-11-09,73.93,74.33,72.45,74.0,1506110,0.017321968655485298,68.083,63.54780000000001,62.961450000000006,0.3331690309550358
2020-11-10,73.24,74.0,72.45,72.45,1116100,-0.0209459459459459,68.6045,63.806000000000004,62.8672,0.35027740706579724
2020-11-11,72.45,73.1,71.16,71.35,1709780,-0.015182884748102254,69.051,64.0222,62.794799999999995,0.359860362883172
2020-11-12,72.0,73.1,70.96,73.04,889610,0.0236860546601263,69.47749999999999,64.2644,62.7385,0.351872275317912
2020-11-13,72.94,74.4,72.94,73.24,631180,0.0027382256297916463,69.76050000000001,64.52640000000001,62.69950000000001,0.3165907560702953
2020-11-16,73.9,74.1,71.55,71.55,1409570,-0.02307482250136539,69.9885,64.7794,62.6462,0.3282526307431728
2020-11-17,72.45,73.5,71.85,73.44,887650,0.026415094339622636,70.336,65.0612,62.5999,0.3351967288419504
2020-11-18,73.14,73.8,72.54,72.94,780440,-0.006808278867102446,70.6585,65.33,62.554050000000004,0.33746008602802413
2020-11-19,73.93,73.93,72.94,73.44,1323020,0.006854949273375377,70.94649999999999,65.6118,62.51705,0.33405925625962946
2020-11-20,73.44,73.54,72.84,73.04,646460,-0.005446623093681824,71.22449999999999,65.8916,62.483450000000005,0.33489333009906797
2020-11-23,73.44,76.7,72.84,76.7,1959950,0.05010952902519161,71.6095,66.23479999999999,62.468149999999994,0.3676477953504082
2020-11-24,76.41,76.51,73.54,75.32,1122210,-0.01799217731421132,71.93199999999999,66.55239999999999,62.44105,0.37631670781876003
2020-11-25,76.91,76.91,75.32,75.62,1091650,0.003983005841742049,72.438,66.86,62.41545,0.31865163358172427
2020-11-26,75.32,76.5,74.43,75.62,816530,0.0,72.90450000000001,67.18539999999999,62.388850000000005,0.31918662571025264
2020-11-27,75.62,78.6,75.42,78.2,1255000,0.034117958212113164,73.366,67.5506,62.37665,0.3110497511220693
2020-11-30,79.19,79.6,77.31,77.31,1194810,-0.011381074168797967,73.68350000000001,67.88600000000001,62.35360000000001,0.3054025712248303
2020-12-01,76.41,77.8,76.12,77.41,890610,0.0012934937265554058,74.03099999999999,68.2254,62.322250000000004,0.30265457715924915
2020-12-02,77.41,77.5,76.12,76.41,1002760,-0.012918227619170608,74.29350000000001,68.49520000000001,62.2869,0.30841413857922134
2020-12-03,76.41,76.91,75.42,76.91,942980,0.006543646119617774,74.53649999999999,68.7968,62.26135,0.306889169428773
2020-12-04,76.91,77.9,76.81,77.9,904440,0.012872188272006424,74.7945,69.1242,62.2535,0.3079835403106729
2020-12-07,77.61,78.9,77.21,77.9,594550,0.0,74.98949999999999,69.45160000000001,62.23685,0.30386459751599204
2020-12-08,78.3,78.7,78.0,78.5,727940,0.007702182284980763,75.292,69.8148,62.2232,0.29098561058797345
2020-12-09,78.5,78.9,78.0,78.4,566430,-0.00127388535031836,75.6445,70.17399999999999,62.2066,0.2827858204140433
2020-12-10,78.5,78.8,73.0,73.0,964410,-0.06887755102040827,75.6425,70.40939999999999,62.17179999999999,0.37646658594219884
2020-12-11,76.0,78.0,76.0,77.4,1089180,0.0602739726027397,75.8505,70.7466,62.15080000000001,0.43271939663487047
2020-12-14,77.5,78.0,77.5,77.6,533210,0.0025839793281652312,76.15299999999999,71.084,62.137550000000005,0.4215598915036395
2020-12-15,77.9,79.0,76.2,77.1,867800,-0.006443298969072142,76.336,71.4132,62.1208,0.41488587078592365
2020-12-16,77.2,77.6,77.0,77.6,636190,0.006485084306095956,76.569,71.7524,62.108999999999995,0.41350088412298597
2020-12-17,76.5,77.4,75.0,75.8,1289500,-0.02319587628865971,76.687,72.02199999999999,62.09309999999999,0.4238240010965864
2020-12-18,75.8,77.5,75.8,77.3,582740,0.01978891820580464,76.9,72.3136,62.1121,0.4274557250649418
2020-12-21,77.3,77.4,76.5,77.3,676290,0.0,76.93,72.629,62.137950000000004,0.38984818394663506
2020-12-22,77.7,78.7,77.0,78.3,957080,0.012936610608020649,77.07900000000001,72.9546,62.19375,0.38563847044799776
